Name1,Name2
Larry Bartels,Josh Clinton
Larry Bartels,John Geer
Brett Benson,Josh Clinton
Brett Benson,John Geer
Brett Benson,Brad Smith
Peter Bils,Brad Smith
Josh Clinton,Eunji Kim
Josh Clinton,Dave Lewis
Andrew Coe,Peter Schram
Andrew Coe,Brad Smith
John Geer,Cindy Kam
Cindy Kam,Liz Zechmeister
Brenton Kenkel,Peter Schram
Jenn Larson,Jim Bisbee
Noam Lupu,Liz Zechmeister
Noam Lupu,Kristin Michelitch
Noam Lupu,Josh Clinton
John Sides,Cindy Kam
Brenton Kenkel,Brad Smith
Peter Schram,Andres Gannon